Complex_ID,Hexagon_ID,Lon,Lat
1-1,1,114.367956050999,30.8940483553
1-2,1,114.368914813,30.8883748436
2-1,2,114.383565961,30.8788651268
3-1,3,114.277297996,30.7588451893999
4-1,4,114.264917478,30.7636398183
4-2,4,114.265631029,30.7632246487
4-3,4,114.266523739999,30.7632130072
4-4,4,114.264916348,30.7609066584
4-5,4,114.2743746,30.7582760778
4-6,4,114.273944592,30.757775977
4-7,4,114.264629791,30.7576063102
4-8,4,114.257406517999,30.7518604127999
5-1,5,114.248239276,30.7342200271999
6-1,6,114.243286471,30.7341894766999
7-1,7,114.2145347,30.7362122476
7-2,7,114.218001803999,30.7296390572
8-1,8,114.414361106,30.7261073353999
9-1,9,114.401085648,30.7313061587999
10-1,10,114.345014538,30.7229820579999
10-2,10,114.344969343,30.7217008107
10-3,10,114.343160445999,30.7194663426
11-1,11,114.572705447,30.7344980987
11-2,11,114.578480819,30.7289388963
11-3,11,114.565919144,30.7287518495999
12-1,12,114.325996334999,30.7359848727
12-2,12,114.325131804999,30.7357565747
12-3,12,114.325130204,30.7310010427999
13-1,13,114.263842952,30.7304902097
13-2,13,114.263940653,30.7255775351999
13-3,13,114.267398998999,30.7236932488999
13-4,13,114.267066439999,30.7201312000999
13-5,13,114.270082384,30.7185755014999
13-6,13,114.267459633,30.7165196153999
13-7,13,114.277363421999,30.7150476768
14-1,14,114.246409244999,30.7315808562999
14-2,14,114.249330796999,30.7304818070999
14-3,14,114.252277899,30.7296670755
14-4,14,114.252739558,30.7295120644
14-5,14,114.258793478,30.726597812
14-6,14,114.238718774999,30.7260328847
14-7,14,114.238979732,30.7235991695
15-1,15,114.224932756,30.7262042451
15-2,15,114.21757245,30.7258275034
15-3,15,114.222005891999,30.7257991425
15-4,15,114.227552269,30.7249220644
15-5,15,114.22561806,30.7238930492999
15-6,15,114.219724811,30.7222244165
15-7,15,114.228941999,30.7211493022999
15-8,15,114.228378191999,30.7105892677
16-1,16,114.402269872999,30.7276901641999
16-2,16,114.400824952999,30.7255486267
16-3,16,114.405192009999,30.7243027529
16-4,16,114.409215743,30.7217869983999
16-5,16,114.404794140999,30.7210576901
16-6,16,114.406184127,30.7176510074
16-7,16,114.406632252999,30.7142319897999
16-8,16,114.405129802999,30.7090933861
17-1,17,114.133754534,30.7028717516999
18-1,18,114.324633180999,30.7172500279
18-2,18,114.347466639,30.7109074651
18-3,18,114.329307295999,30.7061820288999
19-1,19,114.574006905999,30.7073514426999
19-2,19,114.565560231999,30.7030581275
20-1,20,114.548038231999,30.7060716529999
20-2,20,114.550621003,30.7041872590999
21-1,21,114.282119649999,30.7140984147999
21-10,21,114.287783325,30.6987856197999
21-2,21,114.278040567,30.7096561060999
21-3,21,114.279476376,30.7084651897
21-4,21,114.299611292999,30.7083388030999
21-5,21,114.283655734999,30.7076734454
21-6,21,114.288179980999,30.7045753700999
21-7,21,114.301744579,30.7043625063999
21-8,21,114.287493230999,30.7043084479
21-9,21,114.282473941999,30.7001257330999
22-1,22,114.261040268,30.7141959108
22-2,22,114.264987341999,30.7135115421999
22-3,22,114.262730148,30.7132523884999
22-4,22,114.274032531,30.7115158973
23-1,23,114.242356795,30.7139805901999
23-2,23,114.251509576999,30.7108586391
23-3,23,114.241740625999,30.7106917286
23-4,23,114.244777503999,30.7044447476
23-5,23,114.236779984999,30.7029478534
23-6,23,114.243142148,30.7028320133
23-7,23,114.252193539,30.701150748
23-8,23,114.240519625,30.6968800159
24-1,24,114.418730769999,30.7075463273999
24-2,24,114.414102971999,30.7028311063
24-3,24,114.417304493,30.6998064227
25-1,25,114.404947385,30.7062217014
25-2,25,114.407916099999,30.7023110332
25-3,25,114.404621431999,30.7005942547999
25-4,25,114.401322493999,30.7003880283999
25-5,25,114.401005966,30.6972201427
25-6,25,114.399738417999,30.6966539422
25-7,25,114.401249694,30.6962215311999
26-1,26,114.597973796999,30.7018510364
26-2,26,114.59780403,30.6992922151
26-3,26,114.603043056,30.6914815716999
26-4,26,114.591299714,30.6911269414
26-5,26,114.591059010999,30.6908095191999
26-6,26,114.607412341,30.6881347174999
26-7,26,114.59834727,30.6867636023
27-1,27,114.573215611999,30.703010674
27-10,27,114.574519409,30.6886094755
27-11,27,114.574618940999,30.6885949993999
27-12,27,114.587441800999,30.6885483794
27-13,27,114.577735802999,30.6866812829
27-14,27,114.578562658999,30.6860880977
27-15,27,114.573928385,30.6848138141
27-2,27,114.576289051,30.7003577346999
27-3,27,114.573756226,30.7003356745
27-4,27,114.564794814999,30.6979079486999
27-5,27,114.565092758,30.6978460218999
27-6,27,114.570038612999,30.6944529537
27-7,27,114.566088110999,30.6941263948
27-8,27,114.574730488,30.6935531017999
27-9,27,114.575369042,30.6896681393
28-1,28,114.296796936999,30.6975150550999
28-2,28,114.29826366,30.6956304084
28-3,28,114.300982954999,30.6903512889
28-4,28,114.311646409999,30.6899096106999
29-1,29,114.253482637999,30.6935079827
30-1,30,114.243734606,30.6856503556
31-1,31,114.199364148,30.6793916574
32-1,32,114.60971336,30.6867347954
33-1,33,114.140355118,30.6734417859
34-1,34,114.590132898999,30.6889044306999
34-2,34,114.590709246,30.6873831497999
34-3,34,114.587270344999,30.6822033234
34-4,34,114.601033001999,30.6750104621
35-1,35,114.333231002999,30.6745193815
35-2,35,114.339451177,30.6727253011
35-3,35,114.339296661,30.6713861389999
35-4,35,114.338717639999,30.6704016244
35-5,35,114.340656757999,30.6698253773999
36-1,36,114.575846210999,30.6827517296
36-2,36,114.57455186,30.6823612799
36-3,36,114.573849953,30.6821359033
36-4,36,114.574531248,30.6812479359
36-5,36,114.565262066,30.6739081839
36-6,36,114.577579861,30.6737950565
36-7,36,114.565393303999,30.6731131686999
36-8,36,114.578147342999,30.6706775878999
36-9,36,114.561116967999,30.6689324098
37-1,37,114.31397339,30.6733405085
37-2,37,114.331805317999,30.6726671846
37-3,37,114.320110088999,30.6661783694
37-4,37,114.327631756,30.6658297809999
38-1,38,114.550942264,30.6787737866999
38-2,38,114.557564791999,30.6702938986999
39-1,39,114.297726100999,30.6674612501
40-1,40,114.279436004,30.6795128752999
40-2,40,114.27095977,30.6725204277999
40-3,40,114.276279350999,30.6682164264999
40-4,40,114.264375047,30.6641315265
41-1,41,114.260442011999,30.6729817254
41-2,41,114.260864264999,30.6721751366
41-3,41,114.242622050999,30.662337646
41-4,41,114.249370132999,30.6623257578
41-5,41,114.249412164999,30.6621498302
42-1,42,114.217947823,30.6682375657
42-2,42,114.218013689,30.6652355623999
42-3,42,114.238493754999,30.6622542033
42-4,42,114.232673559999,30.6608249722
42-5,42,114.230765297,30.6607847197999
42-6,42,114.225202541,30.6604918409
42-7,42,114.218327220999,30.6603803520999
42-8,42,114.225030336,30.6598490075
42-9,42,114.230802640999,30.6572862756
43-1,43,114.202192135,30.6761202212
43-2,43,114.201882896,30.6760492631
43-3,43,114.210011575999,30.6734251669
43-4,43,114.200984528999,30.6732704034
43-5,43,114.212260831999,30.6646376972
43-6,43,114.211454204,30.6597071493
43-7,43,114.205490069,30.6592371951
43-8,43,114.204487667999,30.6569109797
44-1,44,114.161952079,30.6661449642
44-2,44,114.161028029999,30.6648761577999
44-3,44,114.146902420999,30.6617867683999
44-4,44,114.162014986,30.6611350621
44-5,44,114.148073972,30.6592523931
44-6,44,114.149795542999,30.6591212931
44-7,44,114.147202585,30.6576172428999
44-8,44,114.160797493,30.6503449195
45-1,45,114.141936749999,30.6553799146
45-2,45,114.14472349,30.6542248481
45-3,45,114.136492074,30.6522170143
46-1,46,114.574680216,30.6571060963
46-2,46,114.583593886,30.6532978790999
47-1,47,114.115733301,30.6653677364999
47-2,47,114.117577338999,30.6608067053
47-3,47,114.116704811999,30.6569822844
47-4,47,114.120904366,30.6540766713
47-5,47,114.111819431,30.6529192126
47-6,47,114.113968217999,30.6522731097
48-1,48,114.334175133,30.6678259663
48-2,48,114.335716990999,30.6622484281
48-3,48,114.328269825999,30.6554080832
48-4,48,114.327178629,30.6535418638
49-1,49,114.568873955,30.6650858663999
49-2,49,114.558949998,30.6559129241999
49-3,49,114.563568142999,30.6521431536999
49-4,49,114.561084225,30.6512759591
49-5,49,114.562663532,30.6467852247
50-1,50,114.310203001999,30.6654069448999
50-10,50,114.321402989999,30.6551277392999
50-11,50,114.322517301999,30.6537758425
50-12,50,114.304006022999,30.6537678745
50-13,50,114.309532747,30.652611733
50-14,50,114.314875852,30.652446894
50-15,50,114.314919848,30.6517561072
50-16,50,114.318112227,30.6517544571
50-17,50,114.320523907999,30.6500355115
50-18,50,114.32040145,30.6492145202999
50-2,50,114.307182178,30.663301186
50-3,50,114.318756907999,30.6595746964
50-4,50,114.308429302999,30.6590952323999
50-5,50,114.305745071,30.6587176972999
50-6,50,114.304347415999,30.6582988334
50-7,50,114.321529687999,30.6578355635
50-8,50,114.305002576,30.6571021518999
50-9,50,114.321826285,30.6552199248
51-1,51,114.293537559,30.6613826401999
51-10,51,114.300142941999,30.6569049370999
51-11,51,114.278314680999,30.6563805161
51-12,51,114.279731188,30.6560056181
51-13,51,114.301044031999,30.6557164879999
51-14,51,114.283765746,30.6545669031
51-15,51,114.287742883,30.6532266502999
51-16,51,114.285346368999,30.6528883946
51-17,51,114.301841530999,30.6524899449999
51-18,51,114.279065088999,30.6523753934
51-19,51,114.28371765,30.6521843975999
51-2,51,114.283836503,30.6606167214999
51-20,51,114.290109977,30.6492850045
51-21,51,114.300821377,30.6481137011
51-22,51,114.299056813,30.6474189467999
51-3,51,114.281061753,30.6595922799999
51-4,51,114.286141033,30.6588535351999
51-5,51,114.294777358999,30.6578141272
51-6,51,114.294523677,30.6577755783
51-7,51,114.281923872999,30.6576571533999
51-8,51,114.278293196,30.6576506305999
51-9,51,114.28296525,30.6572917811
52-1,52,114.267316777999,30.6620812462
52-10,52,114.269838304,30.6466947402999
52-11,52,114.272976843999,30.6455668711
52-12,52,114.259516117,30.6448991394
52-13,52,114.264682571999,30.6446032338
52-14,52,114.269771829999,30.6429890345999
52-15,52,114.270141824,30.6410705545999
52-2,52,114.267051352999,30.6601470996
52-3,52,114.276924215999,30.6577991658999
52-4,52,114.277041444999,30.6541786847
52-5,52,114.275652485999,30.6536040820999
52-6,52,114.267449974,30.6528855028999
52-7,52,114.276078423,30.6509332460999
52-8,52,114.272919294999,30.6490610986999
52-9,52,114.270087317999,30.6471279211999
53-1,53,114.241600728999,30.659718067
53-10,53,114.241128897999,30.6494301795999
53-11,53,114.246297857,30.6464883390999
53-12,53,114.249362582,30.6461400228
53-13,53,114.241806910999,30.6454089478
53-14,53,114.241724255999,30.6451909570999
53-2,53,114.23402307,30.6570115375
53-3,53,114.242376514,30.6564331051
53-4,53,114.232255308,30.6558245286999
53-5,53,114.245198569999,30.6548887117
53-6,53,114.234074789,30.6548555325
53-7,53,114.240645465,30.6522908727999
53-8,53,114.240675504999,30.6520899636
53-9,53,114.242178860999,30.6500039541999
54-1,54,114.216657796,30.6594452010999
54-2,54,114.220392098999,30.6587441619
54-3,54,114.229607266,30.6550397154
54-4,54,114.214654288,30.6515874119
55-1,55,114.190291758,30.6413074877
55-2,55,114.195839367999,30.6394874002
55-3,55,114.191530727,30.6385806231999
56-1,56,114.416416256,30.6528711063
56-2,56,114.413986244,30.6440991521
56-3,56,114.416475884999,30.6434072529999
56-4,56,114.417426512999,30.6416387814
57-1,57,114.168731023,30.6450554967
58-1,58,114.405315225999,30.6509217119999
58-2,58,114.397623272999,30.6500229576
58-3,58,114.387914124,30.6460200176
58-4,58,114.390391469999,30.6443201280999
58-5,58,114.391166960999,30.6397387358
58-6,58,114.401765804999,30.6344863512
59-1,59,114.15047794,30.6531402948
59-2,59,114.146758880999,30.6526001336
59-3,59,114.144110961999,30.6506485835
59-4,59,114.156691714,30.6496823947
59-5,59,114.156044136999,30.6479787454
59-6,59,114.155701058,30.6479093481
59-7,59,114.148402709999,30.6476329696999
59-8,59,114.145298105999,30.6382924571
60-1,60,114.375087242,30.6388109638
60-2,60,114.371906729,30.6377302317
60-3,60,114.375805998,30.6361629495999
61-1,61,114.594514223999,30.6404583628999
62-1,62,114.123280933,30.6484530755
62-2,62,114.124533514999,30.6475675941
62-3,62,114.121185526,30.6465782613999
62-4,62,114.137097316999,30.6455565728
62-5,62,114.120930075999,30.6444468081
62-6,62,114.115875768999,30.6432360539
63-1,63,114.111530322999,30.6366760822
63-2,63,114.100087817,30.6360319103
63-3,63,114.104319008,30.6355411394999
63-4,63,114.108377622999,30.6327731625999
63-5,63,114.106715446999,30.6317918783
63-6,63,114.107251782999,30.6314383901
64-1,64,114.321038564,30.6446268531999
64-2,64,114.321048239,30.6371250014
64-3,64,114.324481563999,30.6369527788
64-4,64,114.320589233,30.6345459341
64-5,64,114.322446255,30.633427993
65-1,65,114.302277705999,30.6445855750999
65-2,65,114.304155339999,30.6415304398999
65-3,65,114.2992842,30.6408946024
65-4,65,114.313224696999,30.6399262808
65-5,65,114.296027882999,30.6391981517999
65-6,65,114.297704637999,30.6375668612
65-7,65,114.304075283,30.6343576290999
65-8,65,114.309276675,30.6318450644
66-1,66,114.287065863999,30.6401844457999
66-10,66,114.282025399,30.6324193521
66-11,66,114.290963701999,30.6298057306999
66-12,66,114.288112161,30.6292329065999
66-13,66,114.291504149999,30.6291641134
66-14,66,114.288841198,30.628429724
66-2,66,114.277833205999,30.6395102968999
66-3,66,114.271433510999,30.6373300117
66-4,66,114.281383972,30.6370261976
66-5,66,114.272187338999,30.6347833929
66-6,66,114.289858460999,30.6344485478
66-7,66,114.272408409999,30.6343538469
66-8,66,114.287663667999,30.6339247923999
66-9,66,114.282145337,30.6327887148
67-1,67,114.260354410999,30.6436542456
67-10,67,114.257832035999,30.6365645371
67-11,67,114.254592539,30.6334756982
67-12,67,114.268975049999,30.633298902
67-13,67,114.264179123999,30.6278257469999
67-14,67,114.264032211,30.6272090965
67-15,67,114.258166783999,30.6264276783999
67-16,67,114.256799048,30.6258926649999
67-2,67,114.255525073,30.6428344537999
67-3,67,114.256190445,30.6426795797999
67-4,67,114.258811586999,30.6423795759
67-5,67,114.261771386,30.6419871997
67-6,67,114.259623594,30.6402143538
67-7,67,114.249011799,30.6400914863999
67-8,67,114.260365777999,30.639202247
67-9,67,114.247609099,30.6390554006
68-1,68,114.245601324999,30.6366693316999
68-2,68,114.240824798,30.6357760022
68-3,68,114.241155516,30.6354844317999
68-4,68,114.245178964,30.6349019596
68-5,68,114.238806319,30.6316265146
69-1,69,114.210714350999,30.6406992683
69-2,69,114.220774351,30.632593817
69-3,69,114.205875116,30.6314163191
69-4,69,114.202396633999,30.6252853181
70-1,70,114.199301656,30.6334601796
70-10,70,114.183325276999,30.6218598604
70-11,70,114.185843090999,30.6212407109
70-2,70,114.197498089,30.6328392972
70-3,70,114.196371683999,30.6317373066
70-4,70,114.177808752999,30.6312974078
70-5,70,114.1804558,30.6302570643999
70-6,70,114.201363302999,30.6246800298999
70-7,70,114.198372629999,30.6243639833
70-8,70,114.198571915,30.6223037566
70-9,70,114.18641273,30.6220570101999
71-1,71,114.40835402,30.6277909102
71-2,71,114.411767037,30.6205674033
72-1,72,114.170924670999,30.6329436476
72-2,72,114.174794833,30.6319281980999
72-3,72,114.16914943,30.6239612665999
73-1,73,114.385434305999,30.632946132
73-2,73,114.380860119,30.6324867483
73-3,73,114.393109601999,30.6321071600999
73-4,73,114.393021160999,30.6320370102
73-5,73,114.380195603999,30.6309770437
73-6,73,114.384941588,30.6309106337
73-7,73,114.382033167,30.6251962716
74-1,74,114.138518138999,30.6317555579999
74-2,74,114.138519307999,30.6305580976
74-3,74,114.132991372999,30.6209213964999
75-1,75,114.371393592,30.6328353653
75-10,75,114.369801953999,30.6260306731999
75-11,75,114.358177161,30.625756795
75-2,75,114.364271357999,30.6312730809
75-3,75,114.369926156999,30.6305220570999
75-4,75,114.361836312999,30.6285075195
75-5,75,114.377771785999,30.6275230792
75-6,75,114.359685248999,30.6272316344
75-7,75,114.356426049,30.6268899834
75-8,75,114.356497966999,30.6268788773
75-9,75,114.371598989999,30.6266068346999
76-1,76,114.117092352,30.6337426826
76-2,76,114.111260763,30.6299673169999
76-3,76,114.111401323999,30.6258479838
77-1,77,114.352975803,30.6253912038
77-2,77,114.35387747,30.622312476
77-3,77,114.356289954,30.6211167165
77-4,77,114.353613492999,30.6210707661
78-1,78,114.320526607,30.63156031
78-10,78,114.312275392,30.6170967069
78-11,78,114.312330188,30.6169486430999
78-2,78,114.312831672,30.625994919
78-3,78,114.313764204999,30.625726297
78-4,78,114.316157564999,30.6231819260999
78-5,78,114.314291683999,30.6222207972999
78-6,78,114.313107724,30.6213841667
78-7,78,114.312370762,30.6202579933
78-8,78,114.312546681,30.620103937
78-9,78,114.310850321,30.617765622
79-1,79,114.304167147,30.6261284154999
79-10,79,114.309986256,30.6143391234
79-2,79,114.294667863,30.6254054164
79-3,79,114.294293327999,30.6234730522
79-4,79,114.294670637999,30.6221531551999
79-5,79,114.290260317999,30.6218442059999
79-6,79,114.291738725,30.6212598605999
79-7,79,114.307006174999,30.6210910185
79-8,79,114.309079264999,30.6186440098
79-9,79,114.289709814,30.6162378209
80-1,80,114.263993124999,30.6218213171
80-2,80,114.271385863999,30.6198338246
80-3,80,114.283731399,30.6179186962
80-4,80,114.269289981,30.6108447107999
81-1,81,114.248389016,30.6261847421
81-10,81,114.253147208,30.6147988029
81-11,81,114.24154396,30.6138000087999
81-12,81,114.254382456,30.6137771448999
81-13,81,114.26280065,30.6114368148999
81-14,81,114.24432597,30.6110407699
81-2,81,114.242737860999,30.622884931
81-3,81,114.258544255,30.6220811684
81-4,81,114.255668821,30.6220387362
81-5,81,114.260959142,30.6220330226
81-6,81,114.255329950999,30.6220105607
81-7,81,114.258722241,30.6219421849
81-8,81,114.240585648999,30.6173519779999
81-9,81,114.261082736,30.6172947079
82-1,82,114.236130764999,30.6206807237
82-10,82,114.234986464,30.6047075986
82-11,82,114.230730222999,30.6036793998999
82-2,82,114.239191816,30.6166693845
82-3,82,114.239893451,30.6154072472999
82-4,82,114.236353112,30.6148319053999
82-5,82,114.230232663999,30.6127830868999
82-6,82,114.239389352,30.61092997
82-7,82,114.239355079,30.6108447374999
82-8,82,114.235934047,30.6100257278
82-9,82,114.22392277,30.6053523245999
83-1,83,114.201110787999,30.622626694
83-2,83,114.200801198999,30.6223241743
83-3,83,114.198656356,30.6172147227
83-4,83,114.203087185,30.6155551270999
83-5,83,114.193088173,30.6128449668
83-6,83,114.199937020999,30.6124410117
83-7,83,114.210345423,30.6055565047999
84-1,84,114.174524091999,30.6081262621999
84-2,84,114.175576284,30.6062677522999
85-1,85,114.397063582,30.6156107517
85-2,85,114.404796292,30.6100781990999
85-3,85,114.415457957,30.6067354461999
86-1,86,114.379191040999,30.6180859153
86-10,86,114.377829181999,30.6068433627
86-11,86,114.385540219,30.6047236974
86-12,86,114.387008038,30.6021071052
86-13,86,114.380680065,30.6015803363
86-14,86,114.380568174999,30.5989979607
86-2,86,114.379274027999,30.6179129297999
86-3,86,114.383385347,30.6174270222
86-4,86,114.385380783,30.6115745347999
86-5,86,114.381845415,30.6104475134999
86-6,86,114.375926488999,30.6096704588
86-7,86,114.376354394,30.6087296950999
86-8,86,114.380087603999,30.6084810804999
86-9,86,114.376551078,30.6071030491999
87-1,87,114.599583898999,30.6141756512999
88-1,88,114.133156854999,30.6147966557999
88-2,88,114.134805133,30.6105910232
88-3,88,114.134997358,30.5989478370999
89-1,89,114.360570577,30.6098290111
89-2,89,114.361021481999,30.6085375758
89-3,89,114.366546614,30.6062914994
89-4,89,114.369027771,30.6050678486999
89-5,89,114.360235684,30.6038555242
89-6,89,114.361653309,30.6027127756999
89-7,89,114.357480925999,30.6005708930999
90-1,90,114.108660125,30.6149839829
91-1,91,114.341787599,30.6132433074999
91-2,91,114.340270133,30.610253259
91-3,91,114.340631715,30.6100260456
91-4,91,114.336275111999,30.6098482712999
91-5,91,114.34442219,30.6071910910999
91-6,91,114.340374476999,30.6040306171999
91-7,91,114.340948901,30.6004970151
91-8,91,114.336329673999,30.5963754672
92-1,92,114.291319998999,30.6019655463
92-2,92,114.281203032999,30.5995932272
92-3,92,114.288506444999,30.5944226856
93-1,93,114.071935221999,30.5924859098
94-1,94,114.266691668,30.6079031816999
94-10,94,114.272568413,30.5892113805
94-2,94,114.273033158,30.6074111058999
94-3,94,114.273780653,30.6045182476
94-4,94,114.275055687999,30.6016567096999
94-5,94,114.259246028999,30.6016008066
94-6,94,114.259409048999,30.6013728124999
94-7,94,114.279164843999,30.5963837896999
94-8,94,114.271265897999,30.5905436040999
94-9,94,114.272129480999,30.5901729413999
95-1,95,114.2534411,30.6038642577
95-2,95,114.240908298999,30.6033770612
95-3,95,114.24342488,30.6029944675999
95-4,95,114.245262566999,30.6026133167999
95-5,95,114.25394352,30.6005793397
96-1,96,114.020410264999,30.5856608897
97-1,97,114.695578538,30.5991799094
98-1,98,114.211404391,30.6021856763
98-10,98,114.215387534,30.5922291321
98-2,98,114.227852803,30.6020198185999
98-3,98,114.230465307,30.6019791073
98-4,98,114.230378998,30.5994873594999
98-5,98,114.229445236,30.5989558433
98-6,98,114.214532599999,30.5988829371
98-7,98,114.223521700999,30.5945521057999
98-8,98,114.225408826999,30.593876771
98-9,98,114.226353423999,30.5935053444999
99-1,99,114.193343003999,30.6034228752
99-2,99,114.202789582999,30.6007831336999
99-3,99,114.200520432,30.5999030947999
99-4,99,114.199649054,30.5987574870999
99-5,99,114.199423034,30.5976393326999
99-6,99,114.185697747,30.5972784508999
99-7,99,114.194241538,30.5956269079
99-8,99,114.190223255999,30.5945698099999
99-9,99,114.189996253999,30.5935967001999
100-1,100,114.650593713999,30.5936436974999
101-1,101,114.184173947999,30.5960248559
101-2,101,114.181175741,30.594570251
101-3,101,114.178586429,30.5939754171999
101-4,101,114.175516743,30.5935537256
101-5,101,114.164525045,30.5903170692999
101-6,101,114.182817608999,30.5883793002
102-1,102,114.399463283,30.5986812649
103-1,103,114.376824821,30.5977273773
103-2,103,114.377180347999,30.5967873975
103-3,103,114.372288423,30.5957060363999
103-4,103,114.378488434999,30.5946073357999
103-5,103,114.382855223999,30.5943988249
103-6,103,114.38334014,30.5943825935
103-7,103,114.379204607999,30.5916055974999
103-8,103,114.374149931,30.589512628
104-1,104,114.129086745999,30.5977465753999
105-1,105,114.353143310999,30.5973250527999
105-10,105,114.364443050999,30.5910822121
105-11,105,114.363031504999,30.5888835453
105-12,105,114.360344956,30.5876552036
105-13,105,114.346517774999,30.5843589575999
105-14,105,114.357942162,30.5826440636
105-15,105,114.355165477,30.5810757884
105-16,105,114.358537495999,30.579438838
105-2,105,114.355793141999,30.5973037884
105-3,105,114.356607287,30.5964884399
105-4,105,114.348755134,30.5955961419
105-5,105,114.344442681999,30.5951370919
105-6,105,114.353269252999,30.5949363312
105-7,105,114.353951014,30.5945009381
105-8,105,114.349325718,30.5919397324999
105-9,105,114.363365798999,30.5912060313
106-1,106,114.096302011999,30.5905771981999
107-1,107,114.330397382,30.5929752653
107-2,107,114.329931139999,30.5906889078999
107-3,107,114.320208648999,30.5902200511
107-4,107,114.323300505999,30.5898205286999
107-5,107,114.334387394,30.5869283619
108-1,108,114.318396136,30.5843026969
108-2,108,114.314572518999,30.5828402990999
108-3,108,114.316217926999,30.5816937041
108-4,108,114.312884510999,30.5780786543999
108-5,108,114.311467015,30.5758966205999
108-6,108,114.308837139,30.5755885708
108-7,108,114.307903714,30.5735780175
109-1,109,114.077198041,30.5909600220999
110-1,110,114.276120738,30.5875362556
110-2,110,114.280956024999,30.5859089182999
110-3,110,114.27314452,30.5829376133999
110-4,110,114.289547780999,30.5780293535
111-1,111,114.255674428,30.5881886373
111-2,111,114.250974718999,30.5767003967
111-3,111,114.262350015999,30.5753218488
111-4,111,114.250130967999,30.5746538100999
111-5,111,114.263139563999,30.5694514837
112-1,112,114.029008825999,30.5883214943
112-10,112,114.023022841,30.5768051939
112-11,112,114.040010846,30.576764048
112-12,112,114.042356253999,30.576539102
112-13,112,114.024557526999,30.5736713406999
112-14,112,114.028526704,30.5716620026
112-2,112,114.036147048,30.5859013829
112-3,112,114.024639742,30.5854195456999
112-4,112,114.033307910999,30.5851249337
112-5,112,114.036693651999,30.5816572162
112-6,112,114.033553744,30.5813461933
112-7,112,114.040629894,30.5807753154999
112-8,112,114.03732954,30.5785332043999
112-9,112,114.042261326,30.577702884
113-1,113,114.233104366999,30.5870709450999
113-10,113,114.243313165,30.5726726944
113-11,113,114.239773881999,30.5677113138999
113-2,113,114.227631098,30.5846375174
113-3,113,114.227232534999,30.5846243049
113-4,113,114.229821873,30.5841498381
113-5,113,114.228293343999,30.5813891045
113-6,113,114.228548755999,30.5807944588
113-7,113,114.227565634,30.578364868
113-8,113,114.225159305,30.5772932003
113-9,113,114.247702461,30.575468897
114-1,114,114.007936322,30.5816428563
114-10,114,114.012952834999,30.5760022012
114-11,114,114.007570505,30.5759906456
114-12,114,114.001770335,30.5756522643999
114-13,114,114.010998044999,30.5744154624999
114-14,114,114.018429546999,30.5704038563
114-2,114,114.003819480999,30.5809662138999
114-3,114,114.004932432,30.5800955139
114-4,114,114.018340535999,30.5788402357
114-5,114,114.009097767,30.5783193814999
114-6,114,114.011297286,30.5781690769
114-7,114,114.015325594,30.5779607178
114-8,114,114.003726631,30.5771624741
114-9,114,114.012016255,30.5766258163
115-1,115,114.462606514,30.5881597332
116-1,116,114.20983902,30.5861816801
116-10,116,114.216797499999,30.5661169718
116-2,116,114.212332524,30.5824047026
116-3,116,114.216905010999,30.5823991592
116-4,116,114.223911341999,30.5786236393
116-5,116,114.202896297999,30.5750365831999
116-6,116,114.204533912,30.5746288516
116-7,116,114.216517443,30.5705803753999
116-8,116,114.219012008,30.5694589947
116-9,116,114.218936395,30.5671633693999
117-1,117,114.180219007999,30.5817534651
117-10,117,114.182117785,30.5752481741999
117-11,117,114.188928852999,30.5746894223
117-12,117,114.194153980999,30.5738499029999
117-13,117,114.201544999999,30.5730790693
117-14,117,114.200414129999,30.5730495216
117-15,117,114.18455385,30.5702153064
117-16,117,114.189893128999,30.5651219927
117-2,117,114.181748407,30.5792888456
117-3,117,114.180169633,30.5788656956999
117-4,117,114.183245436999,30.5767126761
117-5,117,114.195912144999,30.5766769477
117-6,117,114.197771762,30.5764799813
117-7,117,114.200747875,30.5763006753
117-8,117,114.192273220999,30.5761128193999
117-9,117,114.200178588,30.5756750354
118-1,118,114.171539683999,30.5793233736999
118-2,118,114.167957208999,30.5698580339
118-3,118,114.174302069999,30.5672927552999
119-1,119,114.356418598,30.5756080682
120-1,120,114.344511056,30.5795623206
120-10,120,114.344652065,30.5609271153
120-11,120,114.352035857,30.5600257531
120-2,120,114.345361518,30.5782807968
120-3,120,114.345341677999,30.5774406518
120-4,120,114.348030304999,30.5687540284999
120-5,120,114.349091998,30.5672578898999
120-6,120,114.34054392,30.5649453619
120-7,120,114.352135009999,30.5634025218
120-8,120,114.343614701999,30.5618589219999
120-9,120,114.342167337,30.5617385536
121-1,121,114.315557944,30.575784527
121-10,121,114.327348624999,30.5572080943
121-2,121,114.321246850999,30.5732694497
121-3,121,114.320389419999,30.5722864074999
121-4,121,114.311538189999,30.5720508916
121-5,121,114.314266219999,30.5712549727999
121-6,121,114.314556573999,30.5694862598
121-7,121,114.332973913,30.5631047986
121-8,121,114.330585001,30.5597101331999
121-9,121,114.330509546,30.5592776368999
122-1,122,114.276266944,30.5689914159
123-1,123,114.038718415999,30.5693023514
123-2,123,114.048722009,30.5679179283
123-3,123,114.050525442999,30.5678012919999
123-4,123,114.060139179,30.566114875
123-5,123,114.053370622,30.5652179546
123-6,123,114.05131448,30.5632194724999
124-1,124,114.494504683,30.5662756382
124-2,124,114.500086929999,30.5642563826
124-3,124,114.498544683,30.5638142685
124-4,124,114.503985764999,30.5610464554
124-5,124,114.506570433999,30.5597497716
125-1,125,114.260003858,30.5696747928
125-2,125,114.261572853,30.5663835305
125-3,125,114.240491203,30.5660755130999
125-4,125,114.247501772,30.5536577226
125-5,125,114.253019866,30.5519325417999
125-6,125,114.256482524,30.5510616028999
126-1,126,114.029026521,30.5702449865999
126-2,126,114.034035274,30.5670861708
126-3,126,114.021357891999,30.5648629597999
127-1,127,114.483569375,30.5646888331
127-2,127,114.484389481999,30.5645942348999
127-3,127,114.484018036999,30.5626862300999
127-4,127,114.48950412,30.5619212141
127-5,127,114.489511864999,30.5615465877999
128-1,128,114.220240097,30.5674169652
128-10,128,114.240076207,30.556603482
128-11,128,114.224954724,30.5556775784999
128-12,128,114.224453161,30.5548077949999
128-13,128,114.222940175999,30.5533988707999
128-14,128,114.223895149,30.5524578562999
128-15,128,114.224237532,30.5524478913
128-16,128,114.23197267,30.5501574709
128-2,128,114.23770682,30.5662275106
128-3,128,114.221493557,30.5661423096999
128-4,128,114.235718223999,30.563999761
128-5,128,114.232967806999,30.5611322721999
128-6,128,114.226427459,30.5595540577
128-7,128,114.230637881999,30.5578777833
128-8,128,114.231011355999,30.5578279058
128-9,128,114.227663949,30.5570196611999
129-1,129,114.207234326,30.5661957077999
129-10,129,114.209409772,30.5562669294
129-11,129,114.206886480999,30.5562246667999
129-12,129,114.218060674,30.5557599212
129-13,129,114.205194086999,30.5552978704
129-14,129,114.197059854,30.5537799336
129-15,129,114.206140282999,30.5515151996999
129-16,129,114.203206492999,30.5487774714999
129-2,129,114.212642141,30.5648287753999
129-3,129,114.199463610999,30.5647571368999
129-4,129,114.215969779999,30.5639461980999
129-5,129,114.214052398,30.5632281502
129-6,129,114.193124230999,30.5628853101
129-7,129,114.199993473,30.5598323705999
129-8,129,114.199682744,30.5596979357
129-9,129,114.206489609,30.5592309781999
130-1,130,114.192149337999,30.5528261352
130-2,130,114.187119381,30.5506503460999
130-3,130,114.189250548999,30.5494484534999
130-4,130,114.188127305999,30.5487512057
130-5,130,114.18869381,30.5484007608
131-1,131,114.139455441999,30.5529707823999
132-1,132,114.115975868,30.5552191746999
132-2,132,114.118395430999,30.5518223203999
132-3,132,114.110212019,30.5499569573
132-4,132,114.118883726,30.5483320339
133-1,133,114.33513956,30.5620412182999
133-2,133,114.336704118,30.5618584302999
133-3,133,114.342467135999,30.5524485744
134-1,134,114.314979467,30.5572558874999
134-2,134,114.322554949999,30.5547250858
134-3,134,114.317370539999,30.5511602678
134-4,134,114.315128229999,30.5509789769
134-5,134,114.319445205999,30.5383898193
135-1,135,114.086738385999,30.5582943767999
135-2,135,114.089870493,30.5578313182
136-1,136,114.290237583,30.5434377837
136-2,136,114.287876252,30.5429042839999
136-3,136,114.295525624999,30.5410574958
137-1,137,114.511307509999,30.5496985622
137-2,137,114.510667518999,30.5455631457999
137-3,137,114.519851267999,30.5431272505
137-4,137,114.519852388,30.5416887543999
138-1,138,114.255617530999,30.5489582328999
138-2,138,114.258109152,30.5471844256999
138-3,138,114.264866377999,30.5471596593999
138-4,138,114.271852162,30.5465103919
138-5,138,114.261743742999,30.5464286700999
138-6,138,114.270598843,30.5458424045999
138-7,138,114.262637024,30.5443613808
138-8,138,114.262689878,30.5379908158
138-9,138,114.264704836999,30.5375579469
139-1,139,114.495412168,30.5544916811999
139-2,139,114.499354306,30.5512787778999
139-3,139,114.501952771,30.5465596704
139-4,139,114.502748569999,30.5396628274999
140-1,140,114.241103316999,30.5522646489
140-10,140,114.250241220999,30.5372954312
140-11,140,114.240165400999,30.5348647595
140-12,140,114.245082863999,30.5341897722
140-2,140,114.247663897999,30.5517787588
140-3,140,114.245061565,30.5448317594999
140-4,140,114.25170927,30.5445935211
140-5,140,114.256682306,30.543750545
140-6,140,114.244189801,30.5434290789
140-7,140,114.253581744,30.5431434887
140-8,140,114.248088205,30.5410385232
140-9,140,114.244307324,30.53880843
141-1,141,114.221085282,30.5518869228
141-10,141,114.216548752999,30.5343578768
141-11,141,114.218676798,30.5335404960999
141-12,141,114.226938244999,30.5329880641
141-13,141,114.227057278999,30.5326444104
141-2,141,114.222332704999,30.5480362073999
141-3,141,114.220480855999,30.5478374596999
141-4,141,114.217647678,30.5368217053
141-5,141,114.211743425999,30.5367412370999
141-6,141,114.216053767999,30.5367401132
141-7,141,114.214026028999,30.5355582782
141-8,141,114.214566671,30.5350524663
141-9,141,114.219714448,30.5350479572
142-1,142,114.190451257,30.5442833361
142-10,142,114.200204310999,30.5338710921
142-11,142,114.200529093,30.5337536263999
142-12,142,114.202635318,30.5335593512999
142-13,142,114.20287059,30.533389262
142-2,142,114.185753767999,30.5429722828
142-3,142,114.203789388999,30.5414280098999
142-4,142,114.186570787999,30.5404277553
142-5,142,114.198601366999,30.5376085084
142-6,142,114.201499734999,30.5364546228
142-7,142,114.210043932999,30.5364445903
142-8,142,114.202973710999,30.5346530216
142-9,142,114.205253881,30.534461382
143-1,143,114.183646585999,30.5422531631
143-10,143,114.178694218,30.5361136048
143-11,143,114.180250744999,30.5349446857999
143-12,143,114.179486518999,30.5346461865
143-13,143,114.173144058,30.5345140622
143-2,143,114.179889712999,30.5420034606999
143-3,143,114.185007791999,30.5418822769999
143-4,143,114.186136628,30.5405532009
143-5,143,114.182177487999,30.5405327279
143-6,143,114.174105756,30.5389951756999
143-7,143,114.17575064,30.5377259290999
143-8,143,114.181885109999,30.5374676895
143-9,143,114.177566936,30.5368034143
144-1,144,114.350048595999,30.5330270840999
144-2,144,114.36354004,30.5310174148999
144-3,144,114.349217999,30.5265359248
145-1,145,114.329999419999,30.5420724364
145-10,145,114.327848725999,30.5251553913999
145-11,145,114.331938597999,30.5251178565
145-12,145,114.334977234999,30.5245346461999
145-2,145,114.323674382999,30.5385368582999
145-3,145,114.321824117999,30.5356797333
145-4,145,114.323850547,30.5333618878
145-5,145,114.321994208999,30.5314426935999
145-6,145,114.334071225,30.5299376223999
145-7,145,114.328838902,30.5274488853
145-8,145,114.325828462,30.5273972735
145-9,145,114.333164112999,30.5270362655
146-1,146,114.109309675999,30.5400978651
147-1,147,114.309453413,30.5362027856
147-2,147,114.317144389,30.5243792489999
148-1,148,114.079629613999,30.5321405812
149-1,149,114.291948454999,30.5363180593999
149-2,149,114.285078088999,30.5252186646999
149-3,149,114.290088768999,30.5222826574
150-1,150,114.504827990999,30.5348323726999
151-1,151,114.258625852999,30.5374547808999
151-2,151,114.264085432,30.5340182923999
151-3,151,114.254575306,30.527379216
151-4,151,114.252300851,30.5248940568
151-5,151,114.255440426,30.5230422025999
151-6,151,114.254838579999,30.5227959405999
151-7,151,114.253990616999,30.5216363609
151-8,151,114.251892112999,30.5197478127999
152-1,152,114.231273099,30.5307461205
152-10,152,114.243437158999,30.5232188969
152-11,152,114.247094145999,30.5191819038
152-12,152,114.229673900999,30.5188751013999
152-13,152,114.231757642999,30.5176613964999
152-14,152,114.243389277,30.5173597167
152-15,152,114.232062076999,30.5172778889999
152-16,152,114.243903345,30.5172327344
152-2,152,114.231252588,30.5300086716999
152-3,152,114.226982168999,30.5287111897
152-4,152,114.236223336999,30.5286034995
152-5,152,114.236105043999,30.5282843349
152-6,152,114.228739023,30.5279734147
152-7,152,114.247188379999,30.5276167297
152-8,152,114.237984644999,30.5248085111
152-9,152,114.248698403,30.5240604614
153-1,153,114.211889385999,30.5290757918
153-10,153,114.219039344999,30.5220004504
153-11,153,114.221143009,30.5209798071
153-12,153,114.208103342,30.5200637314
153-13,153,114.219986195,30.5192003472
153-14,153,114.209234515,30.5172426825999
153-15,153,114.212743093,30.5167375812
153-16,153,114.217147479999,30.5156407324
153-17,153,114.212321349999,30.5156394151999
153-18,153,114.211034237,30.515614532
153-19,153,114.219266273,30.5149829751999
153-2,153,114.215763936,30.528395404
153-20,153,114.216706959999,30.5129343147999
153-21,153,114.217147417999,30.5129284733
153-3,153,114.213852242,30.5269105863
153-4,153,114.222215386,30.5260591255
153-5,153,114.213812247,30.5256393386
153-6,153,114.215642568999,30.5243453186
153-7,153,114.219417930999,30.5230156693999
153-8,153,114.213466011999,30.5228685553
153-9,153,114.223059735999,30.5225060359999
154-1,154,114.197784979999,30.5292236658
154-10,154,114.184411835,30.5157570862999
154-11,154,114.183097215,30.5145021682
154-2,154,114.193758004,30.5247922856
154-3,154,114.198028022,30.523681864
154-4,154,114.196728523999,30.5213806717999
154-5,154,114.197894492,30.5211661607
154-6,154,114.194697102,30.5200816623999
154-7,154,114.195271568999,30.5198636563999
154-8,154,114.198780853,30.5183211035
154-9,154,114.185395989,30.5158665899
155-1,155,114.419183535,30.5141582548
155-2,155,114.422364959,30.5124694629999
156-1,156,114.171989631,30.51881444
156-2,156,114.171637447999,30.5168102686999
157-1,157,114.395232945,30.5169309999
158-1,158,114.141070083,30.5232218188
158-2,158,114.140203940999,30.5224103322
158-3,158,114.144648797,30.5198501687
159-1,159,114.362313756999,30.5230976805
159-2,159,114.365273150999,30.5123450912999
159-3,159,114.361226982999,30.512265447
160-1,160,114.336844868,30.5223739157
160-10,160,114.348263774,30.507213338
160-11,160,114.346644707999,30.5068201190999
160-2,160,114.343022576999,30.5215825591999
160-3,160,114.338424019,30.5187368317
160-4,160,114.340219825999,30.5150031195999
160-5,160,114.352087854999,30.5130536371
160-6,160,114.350287735999,30.5121564566
160-7,160,114.359291012,30.5119892847999
160-8,160,114.339941636999,30.5097362088
160-9,160,114.346795838999,30.5089856662999
161-1,161,114.1142154,30.5176945414
162-1,162,114.319614774,30.5204285296
162-2,162,114.333010474,30.5203410885
162-3,162,114.32195998,30.5156659638
162-4,162,114.320367056999,30.5152741966999
163-1,163,114.092734067999,30.5163269311
163-2,163,114.099341034,30.5140857347
163-3,163,114.102367657,30.5139868002
164-1,164,114.293989432,30.5123908785
164-2,164,114.302026222999,30.5097487626
164-3,164,114.291636506,30.5072847003
164-4,164,114.304201383,30.5050016329
164-5,164,114.301635051999,30.5011495464
165-1,165,114.082792292999,30.5092932574
166-1,166,114.275813009,30.5099551216999
166-2,166,114.278942637,30.5099414893999
166-3,166,114.284871577999,30.5087868942
166-4,166,114.27245041,30.5062669773
167-1,167,114.048354216999,30.5112695406999
167-2,167,114.045821971999,30.5040016829999
167-3,167,114.044372871999,30.5032230168
168-1,168,114.228749764,30.5174330756
168-10,168,114.234628727,30.5026176782999
168-11,168,114.224505699,30.502265031
168-12,168,114.227890131999,30.5019809003
168-13,168,114.226754671999,30.5001675942999
168-2,168,114.231059883,30.5160715901
168-3,168,114.232707970999,30.5150605524
168-4,168,114.224840158999,30.5116231197999
168-5,168,114.221126209,30.5112322726
168-6,168,114.224434903,30.5096590887999
168-7,168,114.226234851,30.5085946648
168-8,168,114.221737969,30.5074253993999
168-9,168,114.224469385999,30.5059329157999
169-1,169,114.44639689,30.5093779277
169-2,169,114.443559117,30.5090369800999
169-3,169,114.445610815999,30.5020938368999
170-1,170,114.204605154999,30.5150874075999
170-2,170,114.209492918999,30.5120399977999
170-3,170,114.211589343,30.5099912475999
170-4,170,114.215670208999,30.5098979387999
170-5,170,114.21334584,30.5094215031
170-6,170,114.211234782,30.5081013871
171-1,171,114.440878587,30.5091506744999
171-2,171,114.439468129999,30.5012661811999
171-3,171,114.436616759,30.5003590737999
172-1,172,114.189575094999,30.5106652183
172-2,172,114.176957881,30.5105222126
172-3,172,114.179032965999,30.5091354624
172-4,172,114.193657655999,30.5033817991
172-5,172,114.174205538999,30.500868122
173-1,173,114.408719439999,30.5087059081
173-10,173,114.412613242,30.5015283699
173-11,173,114.414389689999,30.5009416909
173-12,173,114.399652541999,30.4993705228
173-13,173,114.400911479,30.4991320912
173-14,173,114.418298632,30.4984410602999
173-15,173,114.411683457999,30.4975619947
173-2,173,114.4098953,30.5072951458999
173-3,173,114.401088125,30.5069724115
173-4,173,114.417437586999,30.5068484236999
173-5,173,114.415345595999,30.5052640643
173-6,173,114.411685278999,30.504918639
173-7,173,114.413717052999,30.5048672837
173-8,173,114.409989674,30.5047549605
173-9,173,114.40556642,30.5029377818999
174-1,174,114.150409596,30.5078493536
174-2,174,114.166339836999,30.4926891815
175-1,175,114.381532828,30.5089879957999
175-2,175,114.377990143,30.5068213312999
175-3,175,114.378507478,30.5017804127999
175-4,175,114.38487517,30.4989887095
175-5,175,114.382593334,30.4980657634
175-6,175,114.384640451999,30.4961555974
175-7,175,114.382003079,30.4958555704
176-1,176,114.605491115999,30.4921726607
177-1,177,114.355045869999,30.5049241229999
177-2,177,114.357512073999,30.5045776189
177-3,177,114.36610507,30.503026895
177-4,177,114.365882998999,30.5027830002999
177-5,177,114.360188757,30.5002354372999
177-6,177,114.366610992,30.4990593435999
177-7,177,114.365448080999,30.497516547
177-8,177,114.371342302,30.4945597014999
178-1,178,114.145713843999,30.5026978558999
178-2,178,114.142104802999,30.4996807371
179-1,179,114.58935533,30.4956420512999
179-2,179,114.598589731,30.4947830812
180-1,180,114.343756280999,30.5050268347
180-2,180,114.334484353999,30.5029314304
180-3,180,114.340285781,30.4875911743
181-1,181,114.571710609999,30.4974969756999
182-1,182,114.321886473999,30.503670869
182-2,182,114.316913301,30.4969421021999
182-3,182,114.325275908999,30.4932195694999
183-1,183,114.533904382,30.4992449291
183-2,183,114.534111159999,30.4989966841
184-1,184,114.294488776999,30.5012838242
184-10,184,114.290360409,30.4933640207
184-11,184,114.284714270999,30.4933476423
184-2,184,114.288066297,30.5005235333
184-3,184,114.290230655,30.4996604130999
184-4,184,114.283604186999,30.4978119957
184-5,184,114.290623697,30.4976153671
184-6,184,114.284892025,30.4975272215999
184-7,184,114.290558116,30.4969014724
184-8,184,114.286875617,30.4966373956999
184-9,184,114.284178576,30.4954288176999
185-1,185,114.510972950999,30.4955450414
185-2,185,114.510797238999,30.4939236304
185-3,185,114.510526920999,30.4889465078
185-4,185,114.509297775999,30.4887489483
185-5,185,114.510128675999,30.486574951
185-6,185,114.512833545,30.4863829841999
185-7,185,114.513479927,30.4858820016
185-8,185,114.520834225,30.4843762371999
185-9,185,114.5212606,30.4838214176
186-1,186,114.277743756,30.4975665659
186-10,186,114.265116982999,30.4909052416999
186-11,186,114.259664079999,30.4875672715
186-12,186,114.259280919999,30.4865733496999
186-13,186,114.269933566,30.4849779221
186-2,186,114.263914991999,30.4962957924
186-3,186,114.264082535,30.4957414432
186-4,186,114.265975174,30.4943845274
186-5,186,114.271232956999,30.4929747635999
186-6,186,114.271055985,30.4928270055999
186-7,186,114.274038769,30.4919022117999
186-8,186,114.269945977999,30.4913132313999
186-9,186,114.276033575,30.4910854272
187-1,187,114.505461639999,30.4954775096
187-2,187,114.493852701999,30.4856836286999
187-3,187,114.493731246999,30.4855972824
187-4,187,114.494417932,30.4826257703999
188-1,188,114.257201762999,30.4871144120999
188-2,188,114.252277422,30.4840914295
189-1,189,114.474915362,30.498573907
189-2,189,114.473838485,30.4977671704
189-3,189,114.473772948,30.4962529296
189-4,189,114.476647256,30.4877038264
189-5,189,114.480100616,30.4851562079999
189-6,189,114.477812096999,30.4849927936
189-7,189,114.480422915,30.4840714197999
190-1,190,114.223390338,30.4935003344
191-1,191,114.442106124999,30.4886510699
191-2,191,114.442457961,30.4879651078999
191-3,191,114.438315481999,30.4834217695
191-4,191,114.437743397999,30.4831733880999
192-1,192,114.431313806999,30.4892611171
192-2,192,114.431107783,30.4873739909999
192-3,192,114.433240054999,30.4805453413999
193-1,193,114.402333994,30.4935859405999
193-10,193,114.401822878,30.4842789674
193-11,193,114.399130176,30.4830178869
193-12,193,114.407196232,30.4829354113
193-13,193,114.406959524,30.482734899
193-14,193,114.413019582,30.4803714339
193-15,193,114.394476161,30.4802924743999
193-16,193,114.392697626,30.4798547410999
193-2,193,114.400933567999,30.4913698804
193-3,193,114.401126927,30.4912674841
193-4,193,114.397357683999,30.4883893243
193-5,193,114.400592712999,30.4873839141
193-6,193,114.399804361999,30.4873681453
193-7,193,114.399619186999,30.4861761039
193-8,193,114.396741380999,30.4847973563
193-9,193,114.399878947,30.4847757486
194-1,194,114.147030192,30.4886073643
195-1,195,114.601815462999,30.4910288688
196-1,196,114.135778735,30.4861368623999
196-2,196,114.121372377,30.4812660368
196-3,196,114.120980086,30.4748755313
196-4,196,114.129392519999,30.4714537069
197-1,197,114.340039353999,30.4851733228
197-2,197,114.341094921,30.4840973125999
197-3,197,114.336733770999,30.4820044233999
198-1,198,114.102253597,30.4730824831
198-2,198,114.110332194999,30.4705395191999
198-3,198,114.107761585,30.4697188514
199-1,199,114.309728221,30.4716857859999
199-2,199,114.302982436999,30.4697859768
199-3,199,114.308961315,30.469360836
200-1,200,114.088082503999,30.4712533247999
200-2,200,114.091280783,30.4712431204
200-3,200,114.092235141,30.4702844171
200-4,200,114.086840142,30.4686412368
201-1,201,114.289147666,30.483503533
201-10,201,114.292094837999,30.4768562518
201-11,201,114.286563061999,30.4754117949
201-12,201,114.275102689999,30.4745290338
201-13,201,114.284315374,30.4740603893
201-14,201,114.284280456999,30.4734455962999
201-15,201,114.286802012999,30.4711692278
201-16,201,114.284495441,30.471105892
201-17,201,114.286349642999,30.4708452875
201-18,201,114.28413281,30.4707854822
201-19,201,114.277279523999,30.4706732223
201-2,201,114.286344811,30.4831983396999
201-20,201,114.282670265999,30.4693768427999
201-21,201,114.28374238,30.4681696858
201-22,201,114.286316902999,30.4678970848
201-3,201,114.284272920999,30.4827831853
201-4,201,114.284537564,30.4811562229
201-5,201,114.286815375,30.4805280725
201-6,201,114.276559297999,30.4792668535
201-7,201,114.280520136,30.478957133
201-8,201,114.273730137,30.4775234725
201-9,201,114.288510536999,30.476978612
202-1,202,114.512780047,30.4820657771
202-10,202,114.503230121,30.4750600393999
202-11,202,114.515811342,30.4737408509
202-2,202,114.509883185,30.4820044086
202-3,202,114.512805889,30.4813932039
202-4,202,114.509870539999,30.4802040830999
202-5,202,114.516088796,30.4800320398999
202-6,202,114.509739846,30.4798885236
202-7,202,114.517412590999,30.4788800868
202-8,202,114.509395804999,30.4773641373999
202-9,202,114.508650676,30.4755575557999
203-1,203,114.258862965,30.4827983491999
203-10,203,114.2581313,30.4723715505999
203-11,203,114.273900443,30.4714470261
203-2,203,114.258283229,30.4826591015999
203-3,203,114.261051072,30.4815739804999
203-4,203,114.265982664999,30.4788014816
203-5,203,114.257429239999,30.4783580506
203-6,203,114.261394561,30.4777768370999
203-7,203,114.262903046,30.4760376973
203-8,203,114.255096644999,30.4743285376
203-9,203,114.250810415999,30.473783766
204-1,204,114.476758558,30.4775958096999
204-10,204,114.484148258,30.4722587955999
204-11,204,114.477186932999,30.4720735388
204-12,204,114.479690641999,30.4719326783
204-13,204,114.478102505999,30.4702545727999
204-14,204,114.486257918999,30.47020171
204-15,204,114.484027072999,30.4701164511
204-16,204,114.478485457,30.4697733735
204-17,204,114.477453831999,30.4681980398
204-18,204,114.478128867999,30.4675453585
204-19,204,114.483358486,30.4675362005
204-2,204,114.482692079,30.4769368259999
204-20,204,114.487646971,30.4651893083999
204-21,204,114.483966991,30.4637545768
204-3,204,114.487008458,30.4766114872
204-4,204,114.483515265999,30.476211736
204-5,204,114.482921021999,30.4760747129
204-6,204,114.495583547999,30.4752540251
204-7,204,114.484348718999,30.4728516859999
204-8,204,114.481131594999,30.4727344659999
204-9,204,114.481885442,30.4726156491
205-1,205,114.242174039,30.4682204323999
205-2,205,114.250040451999,30.467640669
205-3,205,114.246915215,30.4672002169999
206-1,206,114.213574136,30.4748600851
206-2,206,114.209104361,30.4719514145999
207-1,207,114.435261827,30.4788582193
207-2,207,114.435171651,30.478433186
207-3,207,114.436694502999,30.4752777638999
207-4,207,114.435790378999,30.4749672485
208-1,208,114.188682795999,30.4627852664
208-2,208,114.192254535,30.4614114503
209-1,209,114.409448862999,30.4748960872999
209-2,209,114.411168411,30.4746531929
210-1,210,114.175320300999,30.4644608766999
210-2,210,114.173150415999,30.4592802984
211-1,211,114.394272513,30.4755337022
211-2,211,114.394367551,30.4749538975
212-1,212,114.614624547,30.4649191741999
213-1,213,114.374300653,30.4669609205999
213-2,213,114.374962431,30.4648988066999
213-3,213,114.367391495999,30.4609136035
213-4,213,114.374105294,30.46074859
213-5,213,114.370873341999,30.4601788396999
213-6,213,114.367933516999,30.4598381516
213-7,213,114.366128379,30.4559123059
214-1,214,114.120718718999,30.4710735952999
214-2,214,114.125430909,30.4709841021
215-1,215,114.302993552999,30.4648259591
215-2,215,114.290099530999,30.4588025888999
215-3,215,114.291043634999,30.4562647103
216-1,216,114.084670138999,30.4589663034
217-1,217,114.286804046,30.4591585448
217-2,217,114.285794140999,30.4581282764
217-3,217,114.286137815999,30.4578538441999
218-1,218,114.4958694,30.4527041063999
218-2,218,114.493327969,30.4505709355999
219-1,219,114.261851973,30.4602465098
219-2,219,114.255454964999,30.4503903915999
219-3,219,114.253046495999,30.4501192982
220-1,220,114.019621783,30.4499095046999
220-2,220,114.035066913999,30.4481476529
221-1,221,114.238432094999,30.4598503120999
222-1,222,114.466053384999,30.4564367310999
223-1,223,114.013630567,30.4572310377
223-2,223,114.002855174999,30.4539160241
224-1,224,114.443229748999,30.4545759648999
224-2,224,114.444999119,30.4480621402999
224-3,224,114.430098959,30.4441478988
224-4,224,114.43269107,30.4437788733999
225-1,225,114.379900141999,30.4563672746
225-2,225,114.375220506999,30.4523257228
225-3,225,114.376375844999,30.4416477161999
226-1,226,114.313942802,30.4513582778
226-2,226,114.314047818,30.4489616585999
226-3,226,114.313646067999,30.4485268414
226-4,226,114.309410589999,30.4431814022999
227-1,227,114.293419091,30.4380731380999
227-2,227,114.292089954999,30.4342911960999
227-3,227,114.295727616999,30.4329853859
227-4,227,114.298137689,30.4306397173
228-1,228,114.251030032,30.4329141993
228-2,228,114.248127592,30.4293665494
229-1,229,114.225343476999,30.4377441867
229-2,229,114.223167528,30.4367006774999
230-1,230,114.443430319,30.4361280488
230-2,230,114.444146043999,30.4337446786999
230-3,230,114.446756289999,30.4332576370999
230-4,230,114.442089828999,30.4301951684999
230-5,230,114.447468977,30.4268093143
231-1,231,114.419082958999,30.4375951507
231-2,231,114.431209256,30.4362520315
231-3,231,114.434082584999,30.4344133717
232-1,232,114.410623508,30.4231746104
233-1,233,114.376344176,30.4399513774
234-1,234,114.30366603,30.4312006896
234-2,234,114.310111449,30.4309629231999
234-3,234,114.310478869999,30.4309559424999
234-4,234,114.303619213,30.4309421427999
234-5,234,114.303268423,30.4192090097
234-6,234,114.315913070999,30.417894486
235-1,235,114.291301310999,30.4286347586999
235-2,235,114.287254763,30.4280876443
235-3,235,114.291634133,30.4146502804999
236-1,236,114.252255821,30.4247828476
236-2,236,114.274594999,30.4164889946
236-3,236,114.271959494,30.4128426503
237-1,237,114.214451968,30.4260181751
238-1,238,114.411971219999,30.4069653315
238-2,238,114.415529191999,30.4054059921
239-1,239,114.162280582999,30.4206646427
239-2,239,114.160212165,30.4166896001
240-1,240,114.368056123,30.4201790897
240-2,240,114.364602445,30.4119189393
240-3,240,114.375658393999,30.4106185805
240-4,240,114.373217272999,30.4098227548999
240-5,240,114.362664562,30.409301397
240-6,240,114.359888948,30.409256906
240-7,240,114.370278442,30.4086711544
240-8,240,114.373887928,30.4026695069999
240-9,240,114.372099727,30.4011184455
241-1,241,114.153034198,30.4120253011
241-2,241,114.153418752999,30.4092691580999
241-3,241,114.155336059,30.4077315167999
242-1,242,114.329347994,30.4129072665
242-2,242,114.328219847,30.4127663458
242-3,242,114.315153878999,30.4116907394
242-4,242,114.316138942999,30.4090591924
242-5,242,114.318898967999,30.4037381194
243-1,243,114.308726335,30.4114324634
243-2,243,114.308504944999,30.4085974338
243-3,243,114.304457710999,30.4049365125
244-1,244,114.276357922,30.4131816573
245-1,245,114.415188989,30.4026043122
245-2,245,114.414819488999,30.4023670971999
245-3,245,114.406442518999,30.4021367546
245-4,245,114.417446541999,30.4006204519
245-5,245,114.417718015999,30.4001007807
245-6,245,114.409702222,30.3997056109
245-7,245,114.410146933999,30.3995535347999
245-8,245,114.419658647999,30.3951341946999
246-1,246,114.377280192,30.3895340203
247-1,247,114.372126918999,30.398333971
247-2,247,114.374230944999,30.3943838088
247-3,247,114.37428792,30.3942927766999
247-4,247,114.365386826999,30.3937334957999
248-1,248,114.338159155,30.3870274663999
248-2,248,114.336225049,30.3843301023
249-1,249,114.316781004,30.393901435
249-2,249,114.308601369,30.3936034038
249-3,249,114.314578331,30.3916133498
249-4,249,114.320447647999,30.3789649612
249-5,249,114.320941250999,30.3773820079
249-6,249,114.318346589,30.3773619133
250-1,250,114.365427517,30.378082968
250-2,250,114.354222276,30.3721504801999
250-3,250,114.352493807,30.3716589311999
250-4,250,114.349849347,30.3698766535999
251-1,251,114.342934454,30.3774713669999
251-2,251,114.344028433999,30.3698107841999
251-3,251,114.343751079,30.3692934727
251-4,251,114.334908959,30.3607837322
252-1,252,114.311037127,30.3768218162
252-2,252,114.320962550999,30.3699726926999
252-3,252,114.319691695,30.3696204304999
253-1,253,114.341797632999,30.3581021150999
254-1,254,114.319701455,30.3602347809999
254-2,254,114.321765666999,30.3558871545
254-3,254,114.321356088,30.3450153223999
255-1,255,114.301361669,30.3442257668
256-1,256,114.073732964,30.3538791267
257-1,257,114.061478854,30.3470509763999
257-2,257,114.058911171,30.3459169849999
257-3,257,114.060805626999,30.3441093849
257-4,257,114.055130706,30.3391648009999
258-1,258,114.255035914999,30.3434392118
259-1,259,114.390383420999,30.3475747069
259-2,259,114.393033650999,30.3471226524
259-3,259,114.390686383,30.34592934
259-4,259,114.382762409999,30.3435523937
259-5,259,114.379382808,30.3386438936999
260-1,260,114.312143763999,30.3407241132999
261-1,261,114.064997438999,30.3314804201999
261-2,261,114.072117804,30.3262888565
261-3,261,114.059168353,30.3260462587
261-4,261,114.07550251,30.3249605162
261-5,261,114.075531052,30.3237890836999
262-1,262,114.056305836,30.3306852647
262-2,262,114.051533914,30.3231446437999
263-1,263,114.372488813,30.3228311485999
264-1,264,114.07388163,30.319901762
265-1,265,114.055273843999,30.3210922019
265-2,265,114.065313028999,30.3209373237999
265-3,265,114.069113537999,30.3197742939
265-4,265,114.064563661999,30.3188965022
265-5,265,114.062370079,30.3173722328999
265-6,265,114.066553432999,30.3038260549999
265-7,265,114.064780431,30.3023988306
265-8,265,114.064785423,30.3023797743
266-1,266,114.026681092999,30.3110876267
